{"version": "1", "message": "ERROR: Hidden Testcases server unreachable.", "problem_id": "ads2_m6_a1_1", "user_id": "ashishk144", "score": {"sample": {"0": {"execution_time": 0.20547771453857422, "passed": false}, "1": {"execution_time": 0.20554137229919434, "passed": false}, "2": {"execution_time": 0.20604610443115234, "passed": false}, "3": {"execution_time": 0.2236771583557129, "passed": false}, "4": {"execution_time": 0.21111178398132324, "passed": false}, "5": {"execution_time": 0.21559786796569824, "passed": false}, "6": {"execution_time": 0.22267699241638184, "passed": true}, "7": {"execution_time": 0.21957635879516602, "passed": false}, "8": {"execution_time": 0.20810842514038086, "passed": true}, "9": {"execution_time": 0.2068018913269043, "passed": false}, "10": {"execution_time": 0.20628809928894043, "passed": true}, "11": {"execution_time": 0.21953582763671875, "passed": false}}}, "check_style_score": "1/1"}