{"version": "1", "message": "ERROR: Hidden Testcases server unreachable.", "problem_id": "ads2_m6_a1_1", "user_id": "ashishk144", "score": {"sample": {"0": {"execution_time": 0.21816158294677734, "passed": false}, "1": {"execution_time": 0.22080159187316895, "passed": false}, "2": {"execution_time": 0.21819853782653809, "passed": false}, "3": {"execution_time": 0.2295703887939453, "passed": false}, "4": {"execution_time": 0.2211918830871582, "passed": false}, "5": {"execution_time": 0.22800421714782715, "passed": false}, "6": {"execution_time": 0.21449494361877441, "passed": true}, "7": {"execution_time": 0.22408461570739746, "passed": false}, "8": {"execution_time": 0.21947836875915527, "passed": true}, "9": {"execution_time": 0.22499942779541016, "passed": false}, "10": {"execution_time": 0.21080374717712402, "passed": true}, "11": {"execution_time": 0.25980114936828613, "passed": false}}}, "check_style_score": "1/1"}