{"version": "1", "message": "ERROR: Hidden Testcases server unreachable.", "problem_id": "ads2_m6_a1_1", "user_id": "ashishk144", "score": {"sample": {"0": {"execution_time": 0.20749449729919434, "passed": true}, "1": {"execution_time": 0.2085895538330078, "passed": false}, "2": {"execution_time": 0.20881199836730957, "passed": false}, "3": {"execution_time": 0.2204117774963379, "passed": false}, "4": {"execution_time": 0.2103266716003418, "passed": false}, "5": {"execution_time": 0.21677136421203613, "passed": false}, "6": {"execution_time": 0.20295953750610352, "passed": true}, "7": {"execution_time": 0.21226072311401367, "passed": false}, "8": {"execution_time": 0.2075669765472412, "passed": true}, "9": {"execution_time": 0.22026300430297852, "passed": false}, "10": {"execution_time": 0.2061750888824463, "passed": true}, "11": {"execution_time": 0.21927165985107422, "passed": false}}}, "check_style_score": "1/1"}