{"version": "1", "message": "ERROR: Hidden Testcases server unreachable.", "problem_id": "ads2_m6_a1_1", "user_id": "ashishk144", "score": {"sample": {"0": {"execution_time": 0.20754718780517578, "passed": true}, "1": {"execution_time": 0.20606184005737305, "passed": false}, "2": {"execution_time": 0.2088325023651123, "passed": false}, "3": {"execution_time": 0.21802902221679688, "passed": false}, "4": {"execution_time": 0.2136385440826416, "passed": false}, "5": {"execution_time": 0.2191023826599121, "passed": false}, "6": {"execution_time": 0.21857547760009766, "passed": true}, "7": {"execution_time": 0.20744562149047852, "passed": false}, "8": {"execution_time": 0.21947264671325684, "passed": true}, "9": {"execution_time": 0.2125227451324463, "passed": false}, "10": {"execution_time": 0.2072279453277588, "passed": true}, "11": {"execution_time": 0.5266053676605225, "passed": false}}}, "check_style_score": "1/1"}