{"version": "1", "message": "ERROR: Hidden Testcases server unreachable.", "problem_id": "ads2_m6_a1_1", "user_id": "ashishk144", "score": {"sample": {"0": {"execution_time": 0.21765494346618652, "passed": false}, "1": {"execution_time": 0.21431899070739746, "passed": false}, "2": {"execution_time": 0.2141120433807373, "passed": false}, "3": {"execution_time": 0.22452068328857422, "passed": false}, "4": {"execution_time": 0.22291302680969238, "passed": false}, "5": {"execution_time": 0.23036956787109375, "passed": false}, "6": {"execution_time": 0.21219205856323242, "passed": true}, "7": {"execution_time": 0.21915793418884277, "passed": false}, "8": {"execution_time": 0.2163679599761963, "passed": true}, "9": {"execution_time": 0.22583985328674316, "passed": false}, "10": {"execution_time": 0.21046185493469238, "passed": true}, "11": {"execution_time": 0.2386937141418457, "passed": false}}}, "check_style_score": "1/1"}