{"version": "1", "message": "ERROR: Hidden Testcases server unreachable.", "problem_id": "ads2_m6_a1_1", "user_id": "ashishk144", "score": {"sample": {"0": {"execution_time": 0.21916437149047852, "passed": false}, "1": {"execution_time": 0.22946476936340332, "passed": false}, "2": {"execution_time": 0.2262423038482666, "passed": false}, "3": {"execution_time": 0.2651381492614746, "passed": false}, "4": {"execution_time": 0.24109768867492676, "passed": false}, "5": {"execution_time": 0.2403719425201416, "passed": false}, "6": {"execution_time": 0.22452402114868164, "passed": true}, "7": {"execution_time": 0.23070597648620605, "passed": false}, "8": {"execution_time": 0.24302053451538086, "passed": true}, "9": {"execution_time": 0.24081659317016602, "passed": false}, "10": {"execution_time": 0.21128463745117188, "passed": true}, "11": {"execution_time": 0.25008487701416016, "passed": false}}}, "check_style_score": "1/1"}