{"version": "1", "message": "ERROR: Hidden Testcases server unreachable.", "problem_id": "ads2_m6_a1_1", "user_id": "ashishk144", "score": {"sample": {"0": {"execution_time": 0.20506954193115234, "passed": false}, "1": {"execution_time": 0.22447776794433594, "passed": false}, "2": {"execution_time": 0.21082329750061035, "passed": false}, "3": {"execution_time": 0.21451711654663086, "passed": false}, "4": {"execution_time": 0.21636700630187988, "passed": false}, "5": {"execution_time": 0.21442699432373047, "passed": false}, "6": {"execution_time": 0.24364447593688965, "passed": true}, "7": {"execution_time": 0.214186429977417, "passed": false}, "8": {"execution_time": 0.215911865234375, "passed": true}, "9": {"execution_time": 0.20473337173461914, "passed": false}, "10": {"execution_time": 0.2047579288482666, "passed": true}, "11": {"execution_time": 0.21712231636047363, "passed": false}}}, "check_style_score": "1/1"}