{"version": "1", "message": "ERROR: Hidden Testcases server unreachable.", "problem_id": "ads2_m6_a1_1", "user_id": "ashishk144", "score": {"sample": {"0": {"execution_time": 0.21032214164733887, "passed": true}, "1": {"execution_time": 0.20703554153442383, "passed": false}, "2": {"execution_time": 0.2095167636871338, "passed": false}, "3": {"execution_time": 0.21551012992858887, "passed": false}, "4": {"execution_time": 0.20618820190429688, "passed": false}, "5": {"execution_time": 0.22480082511901855, "passed": false}, "6": {"execution_time": 0.20962858200073242, "passed": true}, "7": {"execution_time": 0.2149827480316162, "passed": false}, "8": {"execution_time": 0.20383143424987793, "passed": true}, "9": {"execution_time": 0.22314810752868652, "passed": false}, "10": {"execution_time": 0.20695781707763672, "passed": true}, "11": {"execution_time": 0.22078180313110352, "passed": false}}}, "check_style_score": "1/1"}