{"version": "1", "message": "ERROR: Hidden Testcases server unreachable.", "problem_id": "ads2_m6_a1_1", "user_id": "ashishk144", "score": {"sample": {"0": {"execution_time": 0.21363091468811035, "passed": false}, "1": {"execution_time": 0.21532821655273438, "passed": false}, "2": {"execution_time": 0.22046685218811035, "passed": false}, "3": {"execution_time": 0.23224210739135742, "passed": false}, "4": {"execution_time": 0.22223329544067383, "passed": false}, "5": {"execution_time": 0.22867989540100098, "passed": false}, "6": {"execution_time": 0.21544265747070312, "passed": true}, "7": {"execution_time": 0.22838926315307617, "passed": false}, "8": {"execution_time": 0.21776342391967773, "passed": true}, "9": {"execution_time": 0.22689032554626465, "passed": false}, "10": {"execution_time": 0.20979094505310059, "passed": true}, "11": {"execution_time": 0.25299978256225586, "passed": false}}}, "check_style_score": "1/1"}