{"version": "1", "message": "ERROR: Hidden Testcases server unreachable.", "problem_id": "ads2_m6_a1_1", "user_id": "ashishk144", "score": {"sample": {"0": {"execution_time": 0.20786523818969727, "passed": true}, "1": {"execution_time": 0.20920491218566895, "passed": false}, "2": {"execution_time": 0.20645689964294434, "passed": false}, "3": {"execution_time": 0.21127605438232422, "passed": false}, "4": {"execution_time": 0.2113814353942871, "passed": false}, "5": {"execution_time": 0.21157360076904297, "passed": false}, "6": {"execution_time": 0.20573973655700684, "passed": true}, "7": {"execution_time": 0.20515894889831543, "passed": false}, "8": {"execution_time": 0.20549988746643066, "passed": true}, "9": {"execution_time": 0.2079906463623047, "passed": false}, "10": {"execution_time": 0.20615100860595703, "passed": true}, "11": {"execution_time": 0.21944737434387207, "passed": false}}}, "check_style_score": "1/1"}