{"version": "1", "message": "ERROR: Hidden Testcases server unreachable.", "problem_id": "ads2_m6_a1_1", "user_id": "ashishk144", "score": {"sample": {"0": {"execution_time": 0.20981836318969727, "passed": false}, "1": {"execution_time": 0.20845842361450195, "passed": false}, "2": {"execution_time": 0.20356369018554688, "passed": false}, "3": {"execution_time": 0.21066021919250488, "passed": false}, "4": {"execution_time": 0.21384549140930176, "passed": false}, "5": {"execution_time": 0.21073341369628906, "passed": false}, "6": {"execution_time": 0.2089383602142334, "passed": true}, "7": {"execution_time": 0.21300458908081055, "passed": false}, "8": {"execution_time": 0.2092282772064209, "passed": true}, "9": {"execution_time": 0.21465086936950684, "passed": false}, "10": {"execution_time": 0.20101189613342285, "passed": true}, "11": {"execution_time": 0.21692323684692383, "passed": false}}}, "check_style_score": "1/1"}