{"version": "1", "message": "ERROR: Hidden Testcases server unreachable.", "problem_id": "ads2_m6_a1_1", "user_id": "ashishk144", "score": {"sample": {"0": {"execution_time": 0.2088167667388916, "passed": false}, "1": {"execution_time": 0.20606660842895508, "passed": false}, "2": {"execution_time": 0.20711517333984375, "passed": false}, "3": {"execution_time": 0.22052907943725586, "passed": false}, "4": {"execution_time": 0.2052619457244873, "passed": false}, "5": {"execution_time": 0.21062541007995605, "passed": false}, "6": {"execution_time": 0.2141721248626709, "passed": true}, "7": {"execution_time": 0.21240019798278809, "passed": false}, "8": {"execution_time": 0.20261192321777344, "passed": true}, "9": {"execution_time": 0.21422076225280762, "passed": false}, "10": {"execution_time": 0.20238113403320312, "passed": true}, "11": {"execution_time": 0.22442030906677246, "passed": false}}}, "check_style_score": "1/1"}