{"version": "1", "message": "ERROR: Hidden Testcases server unreachable.", "problem_id": "ads2_m6_a1_1", "user_id": "ashishk144", "score": {"sample": {"0": {"execution_time": 0.21550750732421875, "passed": false}, "1": {"execution_time": 0.21977710723876953, "passed": false}, "2": {"execution_time": 0.2204113006591797, "passed": false}, "3": {"execution_time": 0.23166394233703613, "passed": false}, "4": {"execution_time": 0.23028111457824707, "passed": false}, "5": {"execution_time": 0.2609834671020508, "passed": true}, "6": {"execution_time": 0.22362637519836426, "passed": true}, "7": {"execution_time": 0.22582364082336426, "passed": false}, "8": {"execution_time": 0.2448258399963379, "passed": true}, "9": {"execution_time": 0.24344205856323242, "passed": false}, "10": {"execution_time": 0.21601271629333496, "passed": true}, "11": {"execution_time": 0.25110292434692383, "passed": false}}}, "check_style_score": "1/1"}