{"version": "1", "message": "ERROR: Hidden Testcases server unreachable.", "problem_id": "ads2_m6_a1_1", "user_id": "ashishk144", "score": {"sample": {"0": {"execution_time": 0.2147841453552246, "passed": false}, "1": {"execution_time": 0.2313830852508545, "passed": false}, "2": {"execution_time": 0.2226240634918213, "passed": false}, "3": {"execution_time": 0.2395784854888916, "passed": false}, "4": {"execution_time": 0.22254014015197754, "passed": false}, "5": {"execution_time": 0.2082984447479248, "passed": false}, "6": {"execution_time": 0.20545578002929688, "passed": true}, "7": {"execution_time": 0.21701335906982422, "passed": false}, "8": {"execution_time": 0.20227932929992676, "passed": true}, "9": {"execution_time": 0.21563100814819336, "passed": false}, "10": {"execution_time": 0.20879697799682617, "passed": true}, "11": {"execution_time": 0.22834229469299316, "passed": false}}}, "check_style_score": "1/1"}