{"version": "1", "message": "ERROR: Hidden Testcases server unreachable.", "problem_id": "ads2_m6_a1_1", "user_id": "ashishk144", "score": {"sample": {"0": {"execution_time": 0.21079683303833008, "passed": true}, "1": {"execution_time": 0.21712923049926758, "passed": false}, "2": {"execution_time": 0.2139451503753662, "passed": false}, "3": {"execution_time": 0.21876788139343262, "passed": false}, "4": {"execution_time": 0.21177148818969727, "passed": false}, "5": {"execution_time": 0.2185649871826172, "passed": false}, "6": {"execution_time": 0.20838046073913574, "passed": true}, "7": {"execution_time": 0.21749663352966309, "passed": false}, "8": {"execution_time": 0.2122204303741455, "passed": true}, "9": {"execution_time": 0.21296286582946777, "passed": false}, "10": {"execution_time": 0.209930419921875, "passed": true}, "11": {"execution_time": 0.23011350631713867, "passed": false}}}, "check_style_score": "1/1"}