{"version": "1", "message": "ERROR: Hidden Testcases server unreachable.", "problem_id": "ads2_m6_a1_1", "user_id": "ashishk144", "score": {"sample": {"0": {"execution_time": 0.20850610733032227, "passed": false}, "1": {"execution_time": 0.21605801582336426, "passed": false}, "2": {"execution_time": 0.21193838119506836, "passed": false}, "3": {"execution_time": 0.21618390083312988, "passed": false}, "4": {"execution_time": 0.20527958869934082, "passed": false}, "5": {"execution_time": 0.2218918800354004, "passed": false}, "6": {"execution_time": 0.20256710052490234, "passed": true}, "7": {"execution_time": 0.2158360481262207, "passed": false}, "8": {"execution_time": 0.2050938606262207, "passed": true}, "9": {"execution_time": 0.2197721004486084, "passed": false}, "10": {"execution_time": 0.20668339729309082, "passed": true}, "11": {"execution_time": 0.22905278205871582, "passed": false}}}, "check_style_score": "1/1"}