{"version": "1", "message": "ERROR: Hidden Testcases server unreachable.", "problem_id": "ads2_m6_a1_1", "user_id": "ashishk144", "score": {"sample": {"0": {"execution_time": 0.20670080184936523, "passed": true}, "1": {"execution_time": 0.20705842971801758, "passed": false}, "2": {"execution_time": 0.20905661582946777, "passed": false}, "3": {"execution_time": 0.22145700454711914, "passed": false}, "4": {"execution_time": 0.20586562156677246, "passed": false}, "5": {"execution_time": 0.22351789474487305, "passed": false}, "6": {"execution_time": 0.22267818450927734, "passed": true}, "7": {"execution_time": 0.2362663745880127, "passed": false}, "8": {"execution_time": 0.2083749771118164, "passed": true}, "9": {"execution_time": 0.22973871231079102, "passed": false}, "10": {"execution_time": 0.21498513221740723, "passed": true}, "11": {"execution_time": 0.219329833984375, "passed": false}}}, "check_style_score": "1/1"}