{"version": "1", "message": "ERROR: Hidden Testcases server unreachable.", "problem_id": "ads2_m6_a1_1", "user_id": "ashishk144", "score": {"sample": {"0": {"execution_time": 0.20566105842590332, "passed": true}, "1": {"execution_time": 0.21022343635559082, "passed": false}, "2": {"execution_time": 0.21829819679260254, "passed": false}, "3": {"execution_time": 0.22156357765197754, "passed": false}, "4": {"execution_time": 0.20984172821044922, "passed": false}, "5": {"execution_time": 0.2108170986175537, "passed": false}, "6": {"execution_time": 0.20237302780151367, "passed": true}, "7": {"execution_time": 0.21067571640014648, "passed": false}, "8": {"execution_time": 0.21526551246643066, "passed": true}, "9": {"execution_time": 0.20648932456970215, "passed": false}, "10": {"execution_time": 0.20588302612304688, "passed": true}, "11": {"execution_time": 0.21379852294921875, "passed": false}}}, "check_style_score": "1/1"}