{"version": "1", "message": "ERROR: Hidden Testcases server unreachable.", "problem_id": "ads2_m6_a1_1", "user_id": "ashishk144", "score": {"sample": {"0": {"execution_time": 0.21875262260437012, "passed": false}, "1": {"execution_time": 0.22755122184753418, "passed": false}, "2": {"execution_time": 0.22935962677001953, "passed": false}, "3": {"execution_time": 0.2369706630706787, "passed": false}, "4": {"execution_time": 0.23101258277893066, "passed": false}, "5": {"execution_time": 0.2544076442718506, "passed": false}, "6": {"execution_time": 0.23546123504638672, "passed": true}, "7": {"execution_time": 0.23560857772827148, "passed": false}, "8": {"execution_time": 0.22608375549316406, "passed": true}, "9": {"execution_time": 0.2298448085784912, "passed": false}, "10": {"execution_time": 0.20884060859680176, "passed": true}, "11": {"execution_time": 0.2592203617095947, "passed": false}}}, "check_style_score": "1/1"}