{"version": "1", "message": "ERROR: Hidden Testcases server unreachable.", "problem_id": "ads2_m2_a1_1", "user_id": "ashishk144", "score": {"sample": {"0": {"execution_time": 0.5703415870666504, "passed": true}, "1": {"execution_time": 0.15531277656555176, "passed": true}, "2": {"execution_time": 0.14960026741027832, "passed": true}, "3": {"execution_time": 0.15099096298217773, "passed": true}, "4": {"execution_time": 0.15024995803833008, "passed": true}, "5": {"execution_time": 0.1539754867553711, "passed": true}, "6": {"execution_time": 0.15477824211120605, "passed": true}, "7": {"execution_time": 0.14833807945251465, "passed": true}, "8": {"execution_time": 0.1515042781829834, "passed": true}, "9": {"execution_time": 0.1504969596862793, "passed": true}, "10": {"execution_time": 0.15021800994873047, "passed": true}, "11": {"execution_time": 0.15051865577697754, "passed": true}, "12": {"execution_time": 0.15189695358276367, "passed": true}, "13": {"execution_time": 0.15030312538146973, "passed": true}, "14": {"execution_time": 0.15122675895690918, "passed": true}, "15": {"execution_time": 0.17126846313476562, "passed": true}, "16": {"execution_time": 0.1665050983428955, "passed": true}, "17": {"execution_time": 0.18614578247070312, "passed": true}, "18": {"execution_time": 0.18166089057922363, "passed": true}, "19": {"execution_time": 0.18460631370544434, "passed": true}, "20": {"execution_time": 0.1958310604095459, "passed": true}, "21": {"execution_time": 0.15509366989135742, "passed": true}, "22": {"execution_time": 0.2052013874053955, "passed": true}, "23": {"execution_time": 0.21725988388061523, "passed": true}}}, "check_style_score": "0/1"}