{"version": "1", "message": "ERROR: Hidden Testcases server unreachable.", "problem_id": "ads2_m2_a1_1", "user_id": "ashishk144", "score": {"sample": {"0": {"execution_time": 0.1656792163848877, "passed": true}, "1": {"execution_time": 0.1451261043548584, "passed": true}, "2": {"execution_time": 0.14997172355651855, "passed": true}, "3": {"execution_time": 0.14807891845703125, "passed": true}, "4": {"execution_time": 0.15478277206420898, "passed": true}, "5": {"execution_time": 0.14664030075073242, "passed": true}, "6": {"execution_time": 0.14705705642700195, "passed": true}, "7": {"execution_time": 0.15061187744140625, "passed": true}, "8": {"execution_time": 0.1548597812652588, "passed": true}, "9": {"execution_time": 0.14976215362548828, "passed": true}, "10": {"execution_time": 0.14700031280517578, "passed": true}, "11": {"execution_time": 0.15163946151733398, "passed": true}, "12": {"execution_time": 0.15479159355163574, "passed": true}, "13": {"execution_time": 0.17776846885681152, "passed": true}, "14": {"execution_time": 0.15129899978637695, "passed": true}, "15": {"execution_time": 0.1672530174255371, "passed": true}, "16": {"execution_time": 0.1715993881225586, "passed": true}, "17": {"execution_time": 0.19290471076965332, "passed": true}, "18": {"execution_time": 0.18544816970825195, "passed": true}, "19": {"execution_time": 0.19436073303222656, "passed": true}, "20": {"execution_time": 0.1914808750152588, "passed": true}, "21": {"execution_time": 0.15508174896240234, "passed": true}, "22": {"execution_time": 0.2154529094696045, "passed": true}, "23": {"execution_time": 0.205672025680542, "passed": true}}}, "check_style_score": "1/1"}