{"version": "1", "message": "ERROR: Hidden Testcases server unreachable.", "problem_id": "ads2_m2_a1_1", "user_id": "ashishk144", "score": {"sample": {"0": {"execution_time": 0.17366766929626465, "passed": true}, "1": {"execution_time": 0.14951682090759277, "passed": true}, "2": {"execution_time": 0.1457676887512207, "passed": true}, "3": {"execution_time": 0.149155855178833, "passed": true}, "4": {"execution_time": 0.14945507049560547, "passed": true}, "5": {"execution_time": 0.14677166938781738, "passed": true}, "6": {"execution_time": 0.14792132377624512, "passed": true}, "7": {"execution_time": 0.15673422813415527, "passed": true}, "8": {"execution_time": 0.14788198471069336, "passed": true}, "9": {"execution_time": 0.1550452709197998, "passed": true}, "10": {"execution_time": 0.14944148063659668, "passed": true}, "11": {"execution_time": 0.1507854461669922, "passed": true}, "12": {"execution_time": 0.1461942195892334, "passed": true}, "13": {"execution_time": 0.1508958339691162, "passed": true}, "14": {"execution_time": 0.1487112045288086, "passed": true}, "15": {"execution_time": 0.16581130027770996, "passed": true}, "16": {"execution_time": 0.1687297821044922, "passed": true}, "17": {"execution_time": 0.1877584457397461, "passed": true}, "18": {"execution_time": 0.17398977279663086, "passed": true}, "19": {"execution_time": 0.1974782943725586, "passed": true}, "20": {"execution_time": 0.19817829132080078, "passed": true}, "21": {"execution_time": 0.15205979347229004, "passed": true}, "22": {"execution_time": 0.21204757690429688, "passed": true}, "23": {"execution_time": 0.21097803115844727, "passed": true}}}, "check_style_score": "1/1"}