{"version": "1", "message": "ERROR: Hidden Testcases server unreachable.", "problem_id": "ads2_m4_a1_1", "user_id": "ashishk144", "score": {"sample": {"0": {"execution_time": 0.2433483600616455, "passed": true}, "1": {"execution_time": 0.622718095779419, "passed": false}, "2": {"execution_time": 0.28324413299560547, "passed": false}, "3": {"execution_time": 0.48951005935668945, "passed": false}, "4": {"execution_time": 0.21143436431884766, "passed": false}, "5": {"execution_time": 0.2044506072998047, "passed": false}, "6": {"execution_time": 0.22739100456237793, "passed": false}, "7": {"execution_time": 0.2074446678161621, "passed": false}, "8": {"execution_time": 0.22739100456237793, "passed": true}, "9": {"execution_time": 0.22040963172912598, "passed": false}, "10": {"execution_time": 0.2343730926513672, "passed": false}, "11": {"execution_time": 0.19148778915405273, "passed": false}, "12": {"execution_time": 0.21442651748657227, "passed": false}, "13": {"execution_time": 0.8128530979156494, "passed": false}, "14": {"execution_time": 0.2293868064880371, "passed": false}}}, "check_style_score": "0/1"}