{"version": "1", "message": "ERROR: Hidden Testcases server unreachable.", "problem_id": "ads2_m4_a1_1", "user_id": "ashishk144", "score": {"sample": {"0": {"execution_time": 0.19194316864013672, "passed": true}, "1": {"execution_time": 0.2200024127960205, "passed": false}, "2": {"execution_time": 0.23646187782287598, "passed": false}, "3": {"execution_time": 0.258317232131958, "passed": false}, "4": {"execution_time": 0.2008669376373291, "passed": false}, "5": {"execution_time": 0.21422839164733887, "passed": false}, "6": {"execution_time": 0.19875121116638184, "passed": false}, "7": {"execution_time": 0.21573877334594727, "passed": false}, "8": {"execution_time": 0.19057607650756836, "passed": true}, "9": {"execution_time": 0.1974945068359375, "passed": false}, "10": {"execution_time": 0.18001270294189453, "passed": false}, "11": {"execution_time": 0.1705183982849121, "passed": false}, "12": {"execution_time": 0.17174458503723145, "passed": false}, "13": {"execution_time": 0.842820405960083, "passed": false}, "14": {"execution_time": 0.19105148315429688, "passed": false}}}, "check_style_score": "0/1"}