{"version": "1", "message": "ERROR: Hidden Testcases server unreachable.", "problem_id": "ads2_m4_a1_1", "user_id": "ashishk144", "score": {"sample": {"0": {"execution_time": 0.19289779663085938, "passed": true}, "1": {"execution_time": 0.22049570083618164, "passed": false}, "2": {"execution_time": 0.232499361038208, "passed": false}, "3": {"execution_time": 0.2596011161804199, "passed": false}, "4": {"execution_time": 0.21043848991394043, "passed": false}, "5": {"execution_time": 0.2066054344177246, "passed": false}, "6": {"execution_time": 0.2295520305633545, "passed": false}, "7": {"execution_time": 0.21841645240783691, "passed": false}, "8": {"execution_time": 0.18849706649780273, "passed": true}, "9": {"execution_time": 0.18949317932128906, "passed": false}, "10": {"execution_time": 0.18946599960327148, "passed": false}, "11": {"execution_time": 0.1765284538269043, "passed": false}, "12": {"execution_time": 0.1715548038482666, "passed": false}, "13": {"execution_time": 0.8088359832763672, "passed": false}, "14": {"execution_time": 0.19270706176757812, "passed": false}}}, "check_style_score": "0/1"}