{"version": "1", "message": "ERROR: Hidden Testcases server unreachable.", "problem_id": "ads2_m4_a1_1", "user_id": "ashishk144", "score": {"sample": {"0": {"execution_time": 0.18949198722839355, "passed": true}, "1": {"execution_time": 0.19473814964294434, "passed": false}, "2": {"execution_time": 0.22140717506408691, "passed": false}, "3": {"execution_time": 0.21741843223571777, "passed": false}, "4": {"execution_time": 0.16855072975158691, "passed": false}, "5": {"execution_time": 0.16807985305786133, "passed": false}, "6": {"execution_time": 0.18051743507385254, "passed": false}, "7": {"execution_time": 0.17453408241271973, "passed": false}, "8": {"execution_time": 0.18159890174865723, "passed": true}, "9": {"execution_time": 0.2014615535736084, "passed": false}, "10": {"execution_time": 0.1866154670715332, "passed": false}, "11": {"execution_time": 0.16857647895812988, "passed": false}, "12": {"execution_time": 0.17242431640625, "passed": false}, "13": {"execution_time": 0.7529861927032471, "passed": false}, "14": {"execution_time": 0.20788288116455078, "passed": false}}}, "check_style_score": "0/1"}