{"version": "1", "message": "ERROR: Hidden Testcases server unreachable.", "problem_id": "ads2_m4_a1_1", "user_id": "ashishk144", "score": {"sample": {"0": {"execution_time": 0.1780383586883545, "passed": true}, "1": {"execution_time": 0.21309804916381836, "passed": true}, "2": {"execution_time": 0.23732519149780273, "passed": true}, "3": {"execution_time": 0.24279570579528809, "passed": true}, "4": {"execution_time": 0.2029116153717041, "passed": true}, "5": {"execution_time": 0.208266019821167, "passed": true}, "6": {"execution_time": 0.20282411575317383, "passed": true}, "7": {"execution_time": 0.22960782051086426, "passed": true}, "8": {"execution_time": 0.1839299201965332, "passed": true}, "9": {"execution_time": 0.16956019401550293, "passed": true}, "10": {"execution_time": 0.17108416557312012, "passed": true}, "11": {"execution_time": 0.17021536827087402, "passed": true}, "12": {"execution_time": 0.16871023178100586, "passed": true}, "13": {"execution_time": 0.8749969005584717, "passed": true}, "14": {"execution_time": 0.16557788848876953, "passed": true}}}, "check_style_score": "1/1"}