{"version": "1", "message": "ERROR: Hidden Testcases server unreachable.", "problem_id": "ads2_m4_a1_1", "user_id": "ashishk144", "score": {"sample": {"0": {"execution_time": 0.6842455863952637, "passed": true}, "1": {"execution_time": 0.7839062213897705, "passed": true}, "2": {"execution_time": 0.9065694808959961, "passed": true}, "3": {"execution_time": 0.9305024147033691, "passed": true}, "4": {"execution_time": 0.7559764385223389, "passed": true}, "5": {"execution_time": 0.746999979019165, "passed": true}, "6": {"execution_time": 0.7108304500579834, "passed": true}, "7": {"execution_time": 0.7146921157836914, "passed": true}, "8": {"execution_time": 0.6549649238586426, "passed": true}, "9": {"execution_time": 0.6053850650787354, "passed": true}, "10": {"execution_time": 0.5977818965911865, "passed": true}, "11": {"execution_time": 0.6079261302947998, "passed": true}, "12": {"execution_time": 0.5994701385498047, "passed": true}, "13": {"execution_time": 3.5232253074645996, "passed": true}, "14": {"execution_time": 0.6082398891448975, "passed": true}}}, "check_style_score": "0/1"}