{"version": "1", "message": "ERROR: Hidden Testcases server unreachable.", "problem_id": "ads2_m4_a1_1", "user_id": "ashishk144", "score": {"sample": {"0": {"execution_time": 0.6939525604248047, "passed": true}, "1": {"execution_time": 0.7485496997833252, "passed": true}, "2": {"execution_time": 0.8279769420623779, "passed": true}, "3": {"execution_time": 0.923912763595581, "passed": true}, "4": {"execution_time": 0.7302730083465576, "passed": true}, "5": {"execution_time": 0.7309768199920654, "passed": true}, "6": {"execution_time": 0.7282459735870361, "passed": true}, "7": {"execution_time": 0.715639591217041, "passed": true}, "8": {"execution_time": 0.6560173034667969, "passed": true}, "9": {"execution_time": 0.5998010635375977, "passed": true}, "10": {"execution_time": 0.5995330810546875, "passed": true}, "11": {"execution_time": 0.6208522319793701, "passed": true}, "12": {"execution_time": 0.6168508529663086, "passed": true}, "13": {"execution_time": 3.6742920875549316, "passed": true}, "14": {"execution_time": 0.6117773056030273, "passed": true}}}, "check_style_score": "0/1"}