{"version": "1", "message": "ERROR: Hidden Testcases server unreachable.", "problem_id": "ads2_m4_a1_1", "user_id": "ashishk144", "score": {"sample": {"0": {"execution_time": 0.19846892356872559, "passed": true}, "1": {"execution_time": 0.23906803131103516, "passed": false}, "2": {"execution_time": 0.23963212966918945, "passed": false}, "3": {"execution_time": 0.2573986053466797, "passed": false}, "4": {"execution_time": 0.211470365524292, "passed": false}, "5": {"execution_time": 0.22164511680603027, "passed": false}, "6": {"execution_time": 0.23001432418823242, "passed": false}, "7": {"execution_time": 0.21741652488708496, "passed": false}, "8": {"execution_time": 0.1955268383026123, "passed": true}, "9": {"execution_time": 0.18754792213439941, "passed": false}, "10": {"execution_time": 0.19449830055236816, "passed": false}, "11": {"execution_time": 0.16547727584838867, "passed": false}, "12": {"execution_time": 0.19353055953979492, "passed": false}, "13": {"execution_time": 0.8746609687805176, "passed": false}, "14": {"execution_time": 0.22938871383666992, "passed": false}}}, "check_style_score": "0/1"}