{"version": "1", "message": "ERROR: Hidden Testcases server unreachable.", "problem_id": "ads2_m4_a1_1", "user_id": "ashishk144", "score": {"sample": {"0": {"execution_time": 0.6669704914093018, "passed": true}, "1": {"execution_time": 0.7411291599273682, "passed": true}, "2": {"execution_time": 0.8163547515869141, "passed": true}, "3": {"execution_time": 0.8850052356719971, "passed": true}, "4": {"execution_time": 0.7233929634094238, "passed": true}, "5": {"execution_time": 0.7122941017150879, "passed": true}, "6": {"execution_time": 0.7230689525604248, "passed": true}, "7": {"execution_time": 0.7157258987426758, "passed": true}, "8": {"execution_time": 0.6774561405181885, "passed": true}, "9": {"execution_time": 0.647618293762207, "passed": false}, "10": {"execution_time": 0.6592638492584229, "passed": false}, "11": {"execution_time": 0.6064014434814453, "passed": false}, "12": {"execution_time": 0.6046504974365234, "passed": false}, "13": {"execution_time": 3.4262657165527344, "passed": true}, "14": {"execution_time": 0.6575343608856201, "passed": false}}}, "check_style_score": "0/1"}