{"version": "1", "message": "ERROR: Hidden Testcases server unreachable.", "problem_id": "ads2_m4_a1_1", "user_id": "ashishk144", "score": {"sample": {"0": {"execution_time": 0.6576898097991943, "passed": true}, "1": {"execution_time": 0.7335519790649414, "passed": true}, "2": {"execution_time": 0.8288252353668213, "passed": true}, "3": {"execution_time": 0.8969845771789551, "passed": true}, "4": {"execution_time": 0.7118847370147705, "passed": true}, "5": {"execution_time": 0.7059392929077148, "passed": true}, "6": {"execution_time": 0.7106201648712158, "passed": true}, "7": {"execution_time": 0.7380669116973877, "passed": true}, "8": {"execution_time": 0.7541148662567139, "passed": true}, "9": {"execution_time": 0.5974066257476807, "passed": true}, "10": {"execution_time": 0.6086599826812744, "passed": true}, "11": {"execution_time": 0.615288496017456, "passed": true}, "12": {"execution_time": 0.6841635704040527, "passed": true}, "13": {"execution_time": 3.5463802814483643, "passed": true}, "14": {"execution_time": 0.6107323169708252, "passed": true}}}, "check_style_score": "0/1"}