{"version": "1", "message": "ERROR: Hidden Testcases server unreachable.", "problem_id": "ads2_m4_a1_1", "user_id": "ashishk144", "score": {"sample": {"0": {"execution_time": 0.672137975692749, "passed": true}, "1": {"execution_time": 0.7299277782440186, "passed": true}, "2": {"execution_time": 0.8363776206970215, "passed": true}, "3": {"execution_time": 0.8641715049743652, "passed": true}, "4": {"execution_time": 0.7139945030212402, "passed": true}, "5": {"execution_time": 0.7105042934417725, "passed": true}, "6": {"execution_time": 0.7709412574768066, "passed": true}, "7": {"execution_time": 0.7462499141693115, "passed": true}, "8": {"execution_time": 0.6831140518188477, "passed": true}, "9": {"execution_time": 0.6022193431854248, "passed": true}, "10": {"execution_time": 0.6159372329711914, "passed": true}, "11": {"execution_time": 0.661231279373169, "passed": true}, "12": {"execution_time": 0.6187787055969238, "passed": true}, "13": {"execution_time": 3.803889513015747, "passed": true}, "14": {"execution_time": 0.6238751411437988, "passed": true}}}, "check_style_score": "0/1"}