{"version": "1", "message": "ERROR: Hidden Testcases server unreachable.", "problem_id": "ads2_m4_a1_1", "user_id": "ashishk144", "score": {"sample": {"0": {"execution_time": 0.6642558574676514, "passed": true}, "1": {"execution_time": 0.750861406326294, "passed": false}, "2": {"execution_time": 0.8188138008117676, "passed": false}, "3": {"execution_time": 0.8719639778137207, "passed": false}, "4": {"execution_time": 0.704211950302124, "passed": false}, "5": {"execution_time": 0.7211849689483643, "passed": false}, "6": {"execution_time": 0.7192704677581787, "passed": false}, "7": {"execution_time": 0.7200727462768555, "passed": false}, "8": {"execution_time": 0.6607706546783447, "passed": true}, "9": {"execution_time": 0.6751484870910645, "passed": false}, "10": {"execution_time": 0.6578481197357178, "passed": false}, "11": {"execution_time": 0.6284575462341309, "passed": false}, "12": {"execution_time": 0.6031384468078613, "passed": false}, "13": {"execution_time": 3.533560037612915, "passed": false}, "14": {"execution_time": 0.667534351348877, "passed": false}}}, "check_style_score": "0/1"}