{"version": "1", "message": "ERROR: Hidden Testcases server unreachable.", "problem_id": "ads2_m4_a1_1", "user_id": "ashishk144", "score": {"sample": {"0": {"execution_time": 0.6773037910461426, "passed": true}, "1": {"execution_time": 0.7467496395111084, "passed": true}, "2": {"execution_time": 0.8110785484313965, "passed": true}, "3": {"execution_time": 0.8807272911071777, "passed": true}, "4": {"execution_time": 0.7284278869628906, "passed": true}, "5": {"execution_time": 0.7188057899475098, "passed": true}, "6": {"execution_time": 0.7139687538146973, "passed": true}, "7": {"execution_time": 0.8198544979095459, "passed": true}, "8": {"execution_time": 0.7402544021606445, "passed": true}, "9": {"execution_time": 0.641319751739502, "passed": true}, "10": {"execution_time": 0.6115801334381104, "passed": true}, "11": {"execution_time": 0.6322994232177734, "passed": true}, "12": {"execution_time": 0.6387417316436768, "passed": true}, "13": {"execution_time": 3.6729848384857178, "passed": true}, "14": {"execution_time": 0.6080901622772217, "passed": true}}}, "check_style_score": "0/1"}