{"version": "1", "message": "ERROR: Hidden Testcases server unreachable.", "problem_id": "ads2_m4_a1_1", "user_id": "ashishk144", "score": {"sample": {"0": {"execution_time": 0.19248604774475098, "passed": true}, "1": {"execution_time": 0.2275094985961914, "passed": false}, "2": {"execution_time": 0.24837565422058105, "passed": false}, "3": {"execution_time": 0.25559115409851074, "passed": false}, "4": {"execution_time": 0.20626378059387207, "passed": false}, "5": {"execution_time": 0.22521042823791504, "passed": false}, "6": {"execution_time": 0.22041058540344238, "passed": false}, "7": {"execution_time": 0.20574641227722168, "passed": false}, "8": {"execution_time": 0.19513702392578125, "passed": true}, "9": {"execution_time": 0.1815485954284668, "passed": false}, "10": {"execution_time": 0.2224276065826416, "passed": false}, "11": {"execution_time": 0.17150068283081055, "passed": false}, "12": {"execution_time": 0.17655158042907715, "passed": false}, "13": {"execution_time": 0.8383762836456299, "passed": false}, "14": {"execution_time": 0.1951429843902588, "passed": false}}}, "check_style_score": "0/1"}