{"version": "1", "message": "ERROR: Hidden Testcases server unreachable.", "problem_id": "ads2_m4_a1_1", "user_id": "ashishk144", "score": {"sample": {"0": {"execution_time": 0.18483805656433105, "passed": true}, "1": {"execution_time": 0.22485733032226562, "passed": false}, "2": {"execution_time": 0.23786687850952148, "passed": false}, "3": {"execution_time": 0.25222229957580566, "passed": false}, "4": {"execution_time": 0.20523619651794434, "passed": false}, "5": {"execution_time": 0.20415592193603516, "passed": false}, "6": {"execution_time": 0.2143251895904541, "passed": false}, "7": {"execution_time": 0.2081298828125, "passed": false}, "8": {"execution_time": 0.18257904052734375, "passed": true}, "9": {"execution_time": 0.18933868408203125, "passed": false}, "10": {"execution_time": 0.1781609058380127, "passed": false}, "11": {"execution_time": 0.17078638076782227, "passed": false}, "12": {"execution_time": 0.17121362686157227, "passed": false}, "13": {"execution_time": 0.8332273960113525, "passed": false}, "14": {"execution_time": 0.18922805786132812, "passed": false}}}, "check_style_score": "0/1"}