{"version": "1", "message": "ERROR: Hidden Testcases server unreachable.", "problem_id": "ads2_m4_a1_1", "user_id": "ashishk144", "score": {"sample": {"0": {"execution_time": 0.2902216911315918, "passed": true}, "1": {"execution_time": 0.20245909690856934, "passed": false}, "2": {"execution_time": 0.21642327308654785, "passed": false}, "3": {"execution_time": 0.23862719535827637, "passed": false}, "4": {"execution_time": 0.17253732681274414, "passed": false}, "5": {"execution_time": 0.17879676818847656, "passed": false}, "6": {"execution_time": 0.18436002731323242, "passed": false}, "7": {"execution_time": 0.1854550838470459, "passed": false}, "8": {"execution_time": 0.192579984664917, "passed": true}, "9": {"execution_time": 0.20046401023864746, "passed": false}, "10": {"execution_time": 0.19836950302124023, "passed": false}, "11": {"execution_time": 0.18450593948364258, "passed": false}, "12": {"execution_time": 0.17555713653564453, "passed": false}, "13": {"execution_time": 0.75396728515625, "passed": false}, "14": {"execution_time": 0.19348359107971191, "passed": false}}}, "check_style_score": "0/1"}