{"version": "1", "message": "ERROR: Hidden Testcases server unreachable.", "problem_id": "ads2_m4_a1_1", "user_id": "ashishk144", "score": {"sample": {"0": {"execution_time": 0.6642410755157471, "passed": true}, "1": {"execution_time": 0.7432572841644287, "passed": true}, "2": {"execution_time": 0.82297682762146, "passed": true}, "3": {"execution_time": 0.8700845241546631, "passed": true}, "4": {"execution_time": 0.7051656246185303, "passed": true}, "5": {"execution_time": 0.716151237487793, "passed": true}, "6": {"execution_time": 0.7035708427429199, "passed": true}, "7": {"execution_time": 0.7028911113739014, "passed": true}, "8": {"execution_time": 0.6636195182800293, "passed": true}, "9": {"execution_time": 0.5978314876556396, "passed": true}, "10": {"execution_time": 0.6008484363555908, "passed": true}, "11": {"execution_time": 0.6063706874847412, "passed": true}, "12": {"execution_time": 0.5882537364959717, "passed": true}, "13": {"execution_time": 3.5624282360076904, "passed": true}, "14": {"execution_time": 0.6121323108673096, "passed": true}}}, "check_style_score": "0/1"}