{"version": "1", "message": "ERROR: Hidden Testcases server unreachable.", "problem_id": "ads2_m4_a1_1", "user_id": "ashishk144", "score": {"sample": {"0": {"execution_time": 0.20844149589538574, "passed": true}, "1": {"execution_time": 0.21741843223571777, "passed": false}, "2": {"execution_time": 0.23648953437805176, "passed": false}, "3": {"execution_time": 0.2525653839111328, "passed": false}, "4": {"execution_time": 0.20849251747131348, "passed": false}, "5": {"execution_time": 0.20148897171020508, "passed": false}, "6": {"execution_time": 0.20002317428588867, "passed": false}, "7": {"execution_time": 0.20860004425048828, "passed": false}, "8": {"execution_time": 0.18151259422302246, "passed": true}, "9": {"execution_time": 0.19447970390319824, "passed": false}, "10": {"execution_time": 0.19842267036437988, "passed": false}, "11": {"execution_time": 0.17453479766845703, "passed": false}, "12": {"execution_time": 0.17846965789794922, "passed": false}, "13": {"execution_time": 0.8437438011169434, "passed": false}, "14": {"execution_time": 0.19253230094909668, "passed": false}}}, "check_style_score": "0/1"}