{"version": "1", "message": "ERROR: Hidden Testcases server unreachable.", "problem_id": "ads2_m4_a1_1", "user_id": "ashishk144", "score": {"sample": {"0": {"execution_time": 0.2184140682220459, "passed": true}, "1": {"execution_time": 0.21565961837768555, "passed": false}, "2": {"execution_time": 0.2403569221496582, "passed": false}, "3": {"execution_time": 0.2533426284790039, "passed": false}, "4": {"execution_time": 0.21143484115600586, "passed": false}, "5": {"execution_time": 0.20499014854431152, "passed": false}, "6": {"execution_time": 0.2097766399383545, "passed": false}, "7": {"execution_time": 0.21636724472045898, "passed": false}, "8": {"execution_time": 0.1815626621246338, "passed": true}, "9": {"execution_time": 0.18051576614379883, "passed": false}, "10": {"execution_time": 0.17852234840393066, "passed": false}, "11": {"execution_time": 0.18379545211791992, "passed": false}, "12": {"execution_time": 0.1685497760772705, "passed": false}, "13": {"execution_time": 0.8158812522888184, "passed": false}, "14": {"execution_time": 0.1778731346130371, "passed": false}}}, "check_style_score": "0/1"}