{"version": "1", "message": "ERROR: Hidden Testcases server unreachable.", "problem_id": "ads2_m16_a1_1", "user_id": "ashishk144", "score": {"sample": {"0": {"execution_time": 0.19514751434326172, "passed": true}, "1": {"execution_time": 0.2044999599456787, "passed": true}, "2": {"execution_time": 0.3809819221496582, "passed": true}, "3": {"execution_time": 0.3881499767303467, "passed": true}, "4": {"execution_time": 0.3858907222747803, "passed": true}, "5": {"execution_time": 0.42906808853149414, "passed": true}, "6": {"execution_time": 0.39270734786987305, "passed": true}, "7": {"execution_time": 0.39814138412475586, "passed": true}, "8": {"execution_time": 0.25570154190063477, "passed": true}, "9": {"execution_time": 0.39978909492492676, "passed": true}, "10": {"execution_time": 0.3785998821258545, "passed": true}, "11": {"execution_time": 5.093461275100708, "passed": true}, "12": {"execution_time": 0.43189191818237305, "passed": true}, "13": {"execution_time": 0.18339776992797852, "passed": true}, "14": {"execution_time": 0.39615321159362793, "passed": true}, "15": {"execution_time": 0.40702080726623535, "passed": true}, "16": {"execution_time": 0.22843551635742188, "passed": true}, "17": {"execution_time": 0.22485995292663574, "passed": true}, "18": {"execution_time": 0.22839045524597168, "passed": true}, "19": {"execution_time": 0.2579669952392578, "passed": true}, "20": {"execution_time": 0.2761392593383789, "passed": true}, "21": {"execution_time": 0.22439980506896973, "passed": true}, "22": {"execution_time": 0.22775793075561523, "passed": true}, "23": {"execution_time": 0.23085689544677734, "passed": true}, "24": {"execution_time": 0.1795213222503662, "passed": true}, "25": {"execution_time": 0.43421101570129395, "passed": true}, "26": {"execution_time": 0.3868691921234131, "passed": true}, "27": {"execution_time": 0.4623720645904541, "passed": true}, "28": {"execution_time": 0.6245574951171875, "passed": true}, "29": {"execution_time": 0.18331027030944824, "passed": false}}}, "check_style_score": "1/1"}