{"version": "1", "message": "ERROR: Hidden Testcases server unreachable.", "problem_id": "ads2_m16_a1_1", "user_id": "ashishk144", "score": {"sample": {"0": {"execution_time": 0.19910001754760742, "passed": true}, "1": {"execution_time": 0.21749186515808105, "passed": true}, "2": {"execution_time": 0.38015198707580566, "passed": true}, "3": {"execution_time": 0.37961888313293457, "passed": true}, "4": {"execution_time": 0.39729833602905273, "passed": true}, "5": {"execution_time": 0.4001777172088623, "passed": true}, "6": {"execution_time": 0.40730738639831543, "passed": true}, "7": {"execution_time": 0.40146875381469727, "passed": true}, "8": {"execution_time": 0.23636794090270996, "passed": true}, "9": {"execution_time": 0.3972513675689697, "passed": true}, "10": {"execution_time": 0.3934009075164795, "passed": true}, "11": {"execution_time": 5.577396392822266, "passed": true}, "12": {"execution_time": 0.4718632698059082, "passed": true}, "13": {"execution_time": 0.19214797019958496, "passed": true}, "14": {"execution_time": 0.39298439025878906, "passed": true}, "15": {"execution_time": 0.418426513671875, "passed": true}, "16": {"execution_time": 0.22340130805969238, "passed": true}, "17": {"execution_time": 0.2263927459716797, "passed": true}, "18": {"execution_time": 0.2263944149017334, "passed": true}, "19": {"execution_time": 0.25696229934692383, "passed": true}, "20": {"execution_time": 0.26461100578308105, "passed": true}, "21": {"execution_time": 0.23038363456726074, "passed": true}, "22": {"execution_time": 0.22145557403564453, "passed": true}, "23": {"execution_time": 0.2354414463043213, "passed": true}, "24": {"execution_time": 0.17852306365966797, "passed": true}, "25": {"execution_time": 0.44761013984680176, "passed": true}, "26": {"execution_time": 0.3940904140472412, "passed": true}, "27": {"execution_time": 0.4708282947540283, "passed": true}, "28": {"execution_time": 0.6155741214752197, "passed": true}, "29": {"execution_time": 0.5682599544525146, "passed": true}}}, "check_style_score": "1/1"}