{"version": "1", "message": "ERROR: Hidden Testcases server unreachable.", "problem_id": "ads2_m16_a1_1", "user_id": "ashishk144", "score": {"sample": {"0": {"execution_time": 1.6569974422454834, "passed": true}, "1": {"execution_time": 1.6430706977844238, "passed": false}, "2": {"execution_time": 3.2068426609039307, "passed": true}, "3": {"execution_time": 3.3406009674072266, "passed": true}, "4": {"execution_time": 3.26924467086792, "passed": true}, "5": {"execution_time": 3.9531240463256836, "passed": true}, "6": {"execution_time": 3.8663113117218018, "passed": true}, "7": {"execution_time": 3.5886566638946533, "passed": true}, "8": {"execution_time": 1.7103314399719238, "passed": false}, "9": {"execution_time": 2.5309805870056152, "passed": true}, "10": {"execution_time": 2.270301103591919, "passed": true}, "11": {"execution_time": 10.02519941329956, "passed": false}, "12": {"execution_time": 4.15826940536499, "passed": false}, "13": {"execution_time": 1.8806452751159668, "passed": true}, "14": {"execution_time": 2.8723413944244385, "passed": true}, "15": {"execution_time": 10.413697242736816, "passed": false}, "16": {"execution_time": 1.8833110332489014, "passed": true}, "17": {"execution_time": 2.097809314727783, "passed": true}, "18": {"execution_time": 2.182326316833496, "passed": true}, "19": {"execution_time": 10.060702323913574, "passed": false}, "20": {"execution_time": 10.05499529838562, "passed": false}, "21": {"execution_time": 0.539362907409668, "passed": true}, "22": {"execution_time": 0.518132209777832, "passed": true}, "23": {"execution_time": 10.05730390548706, "passed": false}, "24": {"execution_time": 1.9882373809814453, "passed": true}, "25": {"execution_time": 10.25642204284668, "passed": false}, "26": {"execution_time": 10.207316160202026, "passed": false}, "27": {"execution_time": 10.264812469482422, "passed": false}, "28": {"execution_time": 10.240090370178223, "passed": false}, "29": {"execution_time": 0.18556475639343262, "passed": false}}}, "check_style_score": "1/1"}