{"version": "1", "message": "ERROR: Hidden Testcases server unreachable.", "problem_id": "ads2_m16_a1_1", "user_id": "ashishk144", "score": {"sample": {"0": {"execution_time": 0.2782559394836426, "passed": false}, "1": {"execution_time": 0.2778184413909912, "passed": false}, "2": {"execution_time": 1.3308167457580566, "passed": false}, "3": {"execution_time": 1.4949240684509277, "passed": false}, "4": {"execution_time": 1.3560936450958252, "passed": false}, "5": {"execution_time": 1.8095133304595947, "passed": false}, "6": {"execution_time": 1.709085464477539, "passed": false}, "7": {"execution_time": 1.5089137554168701, "passed": false}, "8": {"execution_time": 0.39623308181762695, "passed": false}, "9": {"execution_time": 2.307727098464966, "passed": false}, "10": {"execution_time": 2.1009535789489746, "passed": false}, "11": {"execution_time": 0.3831305503845215, "passed": false}, "12": {"execution_time": 1.4658513069152832, "passed": false}, "13": {"execution_time": 0.23546338081359863, "passed": true}, "14": {"execution_time": 2.2657244205474854, "passed": false}, "15": {"execution_time": 10.25483751296997, "passed": false}, "16": {"execution_time": 0.37801384925842285, "passed": false}, "17": {"execution_time": 0.34580016136169434, "passed": false}, "18": {"execution_time": 0.4364595413208008, "passed": false}, "19": {"execution_time": 10.060178756713867, "passed": false}, "20": {"execution_time": 10.047349214553833, "passed": false}, "21": {"execution_time": 0.46532487869262695, "passed": false}, "22": {"execution_time": 0.4480912685394287, "passed": false}, "23": {"execution_time": 10.067222595214844, "passed": false}, "24": {"execution_time": 0.20188140869140625, "passed": true}, "25": {"execution_time": 10.250647783279419, "passed": false}, "26": {"execution_time": 10.187157392501831, "passed": false}, "27": {"execution_time": 10.284846067428589, "passed": false}, "28": {"execution_time": 10.279530763626099, "passed": false}, "29": {"execution_time": 0.1865100860595703, "passed": false}}}, "check_style_score": "1/1"}