{"version": "1", "message": "ERROR: Hidden Testcases server unreachable.", "problem_id": "ads2_m16_a1_1", "user_id": "ashishk144", "score": {"sample": {"0": {"execution_time": 1.7160873413085938, "passed": true}, "1": {"execution_time": 1.6967239379882812, "passed": true}, "2": {"execution_time": 3.2505404949188232, "passed": true}, "3": {"execution_time": 3.3196988105773926, "passed": true}, "4": {"execution_time": 3.330052375793457, "passed": true}, "5": {"execution_time": 3.902090311050415, "passed": true}, "6": {"execution_time": 3.814218282699585, "passed": true}, "7": {"execution_time": 3.5803709030151367, "passed": true}, "8": {"execution_time": 1.9171223640441895, "passed": true}, "9": {"execution_time": 2.505755662918091, "passed": true}, "10": {"execution_time": 2.3269150257110596, "passed": true}, "11": {"execution_time": 10.034967422485352, "passed": false}, "12": {"execution_time": 4.001591205596924, "passed": true}, "13": {"execution_time": 1.637742519378662, "passed": true}, "14": {"execution_time": 2.6718952655792236, "passed": true}, "15": {"execution_time": 10.403175115585327, "passed": false}, "16": {"execution_time": 1.9123833179473877, "passed": true}, "17": {"execution_time": 1.9398529529571533, "passed": true}, "18": {"execution_time": 2.014979124069214, "passed": true}, "19": {"execution_time": 10.079309463500977, "passed": false}, "20": {"execution_time": 10.048204183578491, "passed": false}, "21": {"execution_time": 0.5345706939697266, "passed": true}, "22": {"execution_time": 0.47971677780151367, "passed": true}, "23": {"execution_time": 10.047989130020142, "passed": false}, "24": {"execution_time": 1.7881426811218262, "passed": true}, "25": {"execution_time": 10.311903238296509, "passed": false}, "26": {"execution_time": 10.160351753234863, "passed": false}, "27": {"execution_time": 10.269640445709229, "passed": false}, "28": {"execution_time": 10.25635051727295, "passed": false}, "29": {"execution_time": 0.2006394863128662, "passed": false}}}, "check_style_score": "1/1"}