{"version": "1", "message": "ERROR: Hidden Testcases server unreachable.", "problem_id": "ads2_m16_a1_1", "user_id": "ashishk144", "score": {"sample": {"0": {"execution_time": 1.6469547748565674, "passed": true}, "1": {"execution_time": 1.7867636680603027, "passed": true}, "2": {"execution_time": 3.2140588760375977, "passed": true}, "3": {"execution_time": 3.2953648567199707, "passed": true}, "4": {"execution_time": 3.305027484893799, "passed": true}, "5": {"execution_time": 3.877544641494751, "passed": true}, "6": {"execution_time": 3.809400796890259, "passed": true}, "7": {"execution_time": 3.513559103012085, "passed": true}, "8": {"execution_time": 1.854278802871704, "passed": true}, "9": {"execution_time": 2.4812636375427246, "passed": true}, "10": {"execution_time": 2.285015106201172, "passed": true}, "11": {"execution_time": 10.02658200263977, "passed": false}, "12": {"execution_time": 3.827035427093506, "passed": true}, "13": {"execution_time": 1.5442688465118408, "passed": true}, "14": {"execution_time": 2.487511157989502, "passed": true}, "15": {"execution_time": 10.311521053314209, "passed": false}, "16": {"execution_time": 1.837618112564087, "passed": true}, "17": {"execution_time": 1.8603243827819824, "passed": true}, "18": {"execution_time": 1.8630435466766357, "passed": true}, "19": {"execution_time": 10.044255495071411, "passed": false}, "20": {"execution_time": 10.046390295028687, "passed": false}, "21": {"execution_time": 0.5037381649017334, "passed": true}, "22": {"execution_time": 0.4648430347442627, "passed": true}, "23": {"execution_time": 10.05957555770874, "passed": false}, "24": {"execution_time": 1.6976683139801025, "passed": true}, "25": {"execution_time": 10.27846646308899, "passed": false}, "26": {"execution_time": 10.183364629745483, "passed": false}, "27": {"execution_time": 10.243752002716064, "passed": false}, "28": {"execution_time": 10.303011417388916, "passed": false}, "29": {"execution_time": 0.18873953819274902, "passed": false}}}, "check_style_score": "1/1"}