{"version": "1", "message": "ERROR: Hidden Testcases server unreachable.", "problem_id": "ads2_m16_a1_1", "user_id": "ashishk144", "score": {"sample": {"0": {"execution_time": 0.21458768844604492, "passed": false}, "1": {"execution_time": 0.20817041397094727, "passed": false}, "2": {"execution_time": 0.824714183807373, "passed": false}, "3": {"execution_time": 0.8155131340026855, "passed": false}, "4": {"execution_time": 0.7799272537231445, "passed": false}, "5": {"execution_time": 0.7931008338928223, "passed": false}, "6": {"execution_time": 0.7786142826080322, "passed": false}, "7": {"execution_time": 0.7762854099273682, "passed": false}, "8": {"execution_time": 0.2780890464782715, "passed": false}, "9": {"execution_time": 0.7813634872436523, "passed": false}, "10": {"execution_time": 0.770188570022583, "passed": false}, "11": {"execution_time": 0.17859840393066406, "passed": false}, "12": {"execution_time": 0.7718946933746338, "passed": false}, "13": {"execution_time": 0.19203901290893555, "passed": false}, "14": {"execution_time": 0.7730424404144287, "passed": false}, "15": {"execution_time": 0.8341426849365234, "passed": false}, "16": {"execution_time": 0.25998926162719727, "passed": false}, "17": {"execution_time": 0.2707231044769287, "passed": false}, "18": {"execution_time": 0.2693288326263428, "passed": false}, "19": {"execution_time": 0.2793574333190918, "passed": false}, "20": {"execution_time": 0.27768993377685547, "passed": false}, "21": {"execution_time": 0.27237606048583984, "passed": false}, "22": {"execution_time": 0.27455997467041016, "passed": false}, "23": {"execution_time": 0.26723790168762207, "passed": false}, "24": {"execution_time": 0.16934967041015625, "passed": false}, "25": {"execution_time": 0.781451940536499, "passed": false}, "26": {"execution_time": 0.7105681896209717, "passed": false}, "27": {"execution_time": 0.7799944877624512, "passed": false}, "28": {"execution_time": 1.2405064105987549, "passed": false}, "29": {"execution_time": 0.19878339767456055, "passed": false}}}, "check_style_score": "1/1"}