{"version": "1", "message": "ERROR: Hidden Testcases server unreachable.", "problem_id": "ads2_m16_a1_1", "user_id": "ashishk144", "score": {"sample": {"0": {"execution_time": 0.19647502899169922, "passed": true}, "1": {"execution_time": 0.20644783973693848, "passed": true}, "2": {"execution_time": 0.3811910152435303, "passed": true}, "3": {"execution_time": 0.38398170471191406, "passed": true}, "4": {"execution_time": 0.3770420551300049, "passed": true}, "5": {"execution_time": 0.3995232582092285, "passed": true}, "6": {"execution_time": 0.4053044319152832, "passed": true}, "7": {"execution_time": 0.4045891761779785, "passed": true}, "8": {"execution_time": 0.25272083282470703, "passed": true}, "9": {"execution_time": 0.3976144790649414, "passed": true}, "10": {"execution_time": 0.38672971725463867, "passed": true}, "11": {"execution_time": 5.0136003494262695, "passed": true}, "12": {"execution_time": 0.40507030487060547, "passed": true}, "13": {"execution_time": 0.19955849647521973, "passed": true}, "14": {"execution_time": 0.39610767364501953, "passed": true}, "15": {"execution_time": 0.40558433532714844, "passed": true}, "16": {"execution_time": 0.2384781837463379, "passed": true}, "17": {"execution_time": 0.22365069389343262, "passed": true}, "18": {"execution_time": 0.23038411140441895, "passed": true}, "19": {"execution_time": 0.24728155136108398, "passed": true}, "20": {"execution_time": 0.25925755500793457, "passed": true}, "21": {"execution_time": 0.23453927040100098, "passed": true}, "22": {"execution_time": 0.22843718528747559, "passed": true}, "23": {"execution_time": 0.23043179512023926, "passed": true}, "24": {"execution_time": 0.1944103240966797, "passed": true}, "25": {"execution_time": 0.45539236068725586, "passed": true}, "26": {"execution_time": 0.4218580722808838, "passed": true}, "27": {"execution_time": 0.4688994884490967, "passed": true}, "28": {"execution_time": 0.6566455364227295, "passed": true}, "29": {"execution_time": 0.19350528717041016, "passed": false}}}, "check_style_score": "1/1"}