{"version": "1", "message": "ERROR: Hidden Testcases server unreachable.", "problem_id": "ads2_m16_a1_1", "user_id": "ashishk144", "score": {"sample": {"0": {"execution_time": 0.2910785675048828, "passed": false}, "1": {"execution_time": 0.2742922306060791, "passed": false}, "2": {"execution_time": 1.366776704788208, "passed": false}, "3": {"execution_time": 1.5125441551208496, "passed": false}, "4": {"execution_time": 1.391763687133789, "passed": false}, "5": {"execution_time": 1.928560733795166, "passed": false}, "6": {"execution_time": 1.7377235889434814, "passed": false}, "7": {"execution_time": 1.518512487411499, "passed": true}, "8": {"execution_time": 0.4120163917541504, "passed": false}, "9": {"execution_time": 2.424694776535034, "passed": false}, "10": {"execution_time": 2.233341693878174, "passed": false}, "11": {"execution_time": 0.3200078010559082, "passed": false}, "12": {"execution_time": 1.480236291885376, "passed": false}, "13": {"execution_time": 0.23843860626220703, "passed": true}, "14": {"execution_time": 2.3651914596557617, "passed": false}, "15": {"execution_time": 10.336172819137573, "passed": false}, "16": {"execution_time": 0.3849971294403076, "passed": true}, "17": {"execution_time": 0.3380615711212158, "passed": false}, "18": {"execution_time": 0.4298515319824219, "passed": false}, "19": {"execution_time": 10.057636499404907, "passed": false}, "20": {"execution_time": 10.05826473236084, "passed": false}, "21": {"execution_time": 0.46475863456726074, "passed": false}, "22": {"execution_time": 0.47278523445129395, "passed": false}, "23": {"execution_time": 10.05077576637268, "passed": false}, "24": {"execution_time": 0.20077800750732422, "passed": true}, "25": {"execution_time": 10.27828860282898, "passed": false}, "26": {"execution_time": 10.167081832885742, "passed": false}, "27": {"execution_time": 10.248209238052368, "passed": false}, "28": {"execution_time": 10.254620790481567, "passed": false}, "29": {"execution_time": 0.19456768035888672, "passed": false}}}, "check_style_score": "1/1"}