{"version": "1", "message": "ERROR: Hidden Testcases server unreachable.", "problem_id": "ads2_m16_a1_1", "user_id": "ashishk144", "score": {"sample": {"0": {"execution_time": 1.8429369926452637, "passed": true}, "1": {"execution_time": 1.9962024688720703, "passed": true}, "2": {"execution_time": 2.1741344928741455, "passed": true}, "3": {"execution_time": 2.0936150550842285, "passed": true}, "4": {"execution_time": 2.0638365745544434, "passed": true}, "5": {"execution_time": 2.306262254714966, "passed": true}, "6": {"execution_time": 2.240802526473999, "passed": true}, "7": {"execution_time": 2.247074842453003, "passed": true}, "8": {"execution_time": 1.9867231845855713, "passed": true}, "9": {"execution_time": 0.7435216903686523, "passed": true}, "10": {"execution_time": 0.6899707317352295, "passed": true}, "11": {"execution_time": 10.027016401290894, "passed": false}, "12": {"execution_time": 2.2954986095428467, "passed": true}, "13": {"execution_time": 1.675288438796997, "passed": true}, "14": {"execution_time": 0.730562686920166, "passed": true}, "15": {"execution_time": 10.050504207611084, "passed": false}, "16": {"execution_time": 1.8560056686401367, "passed": true}, "17": {"execution_time": 1.812739610671997, "passed": true}, "18": {"execution_time": 1.8578262329101562, "passed": true}, "19": {"execution_time": 10.044625997543335, "passed": false}, "20": {"execution_time": 10.047805547714233, "passed": false}, "21": {"execution_time": 0.29998087882995605, "passed": true}, "22": {"execution_time": 0.2922220230102539, "passed": true}, "23": {"execution_time": 10.044548988342285, "passed": false}, "24": {"execution_time": 1.5977113246917725, "passed": true}, "25": {"execution_time": 10.049858808517456, "passed": false}, "26": {"execution_time": 10.047609567642212, "passed": false}, "27": {"execution_time": 10.055155515670776, "passed": false}, "28": {"execution_time": 10.113142013549805, "passed": false}, "29": {"execution_time": 0.19750380516052246, "passed": false}}}, "check_style_score": "1/1"}