{"version": "1", "message": "ERROR: Hidden Testcases server unreachable.", "problem_id": "ads2_m16_a1_1", "user_id": "ashishk144", "score": {"sample": {"0": {"execution_time": 0.20744585990905762, "passed": true}, "1": {"execution_time": 0.21262502670288086, "passed": true}, "2": {"execution_time": 0.386843204498291, "passed": true}, "3": {"execution_time": 0.3948974609375, "passed": true}, "4": {"execution_time": 0.3945331573486328, "passed": true}, "5": {"execution_time": 0.40217113494873047, "passed": true}, "6": {"execution_time": 0.40301513671875, "passed": true}, "7": {"execution_time": 0.3937227725982666, "passed": true}, "8": {"execution_time": 0.2544558048248291, "passed": true}, "9": {"execution_time": 0.3935701847076416, "passed": true}, "10": {"execution_time": 0.38405871391296387, "passed": true}, "11": {"execution_time": 5.609211444854736, "passed": true}, "12": {"execution_time": 0.47313737869262695, "passed": true}, "13": {"execution_time": 0.20012664794921875, "passed": true}, "14": {"execution_time": 0.3979043960571289, "passed": true}, "15": {"execution_time": 0.41338419914245605, "passed": true}, "16": {"execution_time": 0.23108196258544922, "passed": true}, "17": {"execution_time": 0.2433178424835205, "passed": true}, "18": {"execution_time": 0.23340845108032227, "passed": true}, "19": {"execution_time": 0.27928614616394043, "passed": true}, "20": {"execution_time": 0.30646777153015137, "passed": true}, "21": {"execution_time": 0.24448323249816895, "passed": true}, "22": {"execution_time": 0.2438030242919922, "passed": true}, "23": {"execution_time": 0.27522706985473633, "passed": true}, "24": {"execution_time": 0.1835646629333496, "passed": true}, "25": {"execution_time": 0.45285940170288086, "passed": true}, "26": {"execution_time": 0.38735008239746094, "passed": true}, "27": {"execution_time": 0.4716935157775879, "passed": true}, "28": {"execution_time": 0.669553279876709, "passed": true}, "29": {"execution_time": 0.5410964488983154, "passed": true}}}, "check_style_score": "1/1"}