{"version": "1", "message": "ERROR: Hidden Testcases server unreachable.", "problem_id": "ads2_m16_a1_1", "user_id": "ashishk144", "score": {"sample": {"0": {"execution_time": 0.28302812576293945, "passed": false}, "1": {"execution_time": 0.2786557674407959, "passed": false}, "2": {"execution_time": 1.344193696975708, "passed": false}, "3": {"execution_time": 1.5034449100494385, "passed": false}, "4": {"execution_time": 1.355851650238037, "passed": false}, "5": {"execution_time": 1.8101136684417725, "passed": false}, "6": {"execution_time": 1.7141454219818115, "passed": false}, "7": {"execution_time": 1.530670166015625, "passed": true}, "8": {"execution_time": 0.4019777774810791, "passed": false}, "9": {"execution_time": 2.271920680999756, "passed": false}, "10": {"execution_time": 2.101144790649414, "passed": false}, "11": {"execution_time": 0.3274052143096924, "passed": false}, "12": {"execution_time": 1.465001106262207, "passed": false}, "13": {"execution_time": 0.24110770225524902, "passed": true}, "14": {"execution_time": 2.412581443786621, "passed": false}, "15": {"execution_time": 10.2734534740448, "passed": false}, "16": {"execution_time": 0.3687140941619873, "passed": true}, "17": {"execution_time": 0.3462662696838379, "passed": false}, "18": {"execution_time": 0.4275844097137451, "passed": false}, "19": {"execution_time": 10.045816898345947, "passed": false}, "20": {"execution_time": 10.050077199935913, "passed": false}, "21": {"execution_time": 0.48827242851257324, "passed": false}, "22": {"execution_time": 0.4677910804748535, "passed": false}, "23": {"execution_time": 10.052197456359863, "passed": false}, "24": {"execution_time": 0.20050883293151855, "passed": true}, "25": {"execution_time": 10.237023115158081, "passed": false}, "26": {"execution_time": 10.159165620803833, "passed": false}, "27": {"execution_time": 10.226353168487549, "passed": false}, "28": {"execution_time": 10.270638465881348, "passed": false}, "29": {"execution_time": 0.19778919219970703, "passed": false}}}, "check_style_score": "1/1"}