{"version": "1", "message": "ERROR: Hidden Testcases server unreachable.", "problem_id": "ads2_m16_a1_1", "user_id": "ashishk144", "score": {"sample": {"0": {"execution_time": 0.32236194610595703, "passed": true}, "1": {"execution_time": 0.2334895133972168, "passed": true}, "2": {"execution_time": 0.5028226375579834, "passed": true}, "3": {"execution_time": 0.3787875175476074, "passed": true}, "4": {"execution_time": 0.4183642864227295, "passed": true}, "5": {"execution_time": 0.4131937026977539, "passed": true}, "6": {"execution_time": 0.4040243625640869, "passed": true}, "7": {"execution_time": 0.4014921188354492, "passed": true}, "8": {"execution_time": 0.37880444526672363, "passed": true}, "9": {"execution_time": 0.39484596252441406, "passed": true}, "10": {"execution_time": 0.40430116653442383, "passed": true}, "11": {"execution_time": 5.027308464050293, "passed": true}, "12": {"execution_time": 0.4109361171722412, "passed": true}, "13": {"execution_time": 0.18650221824645996, "passed": true}, "14": {"execution_time": 0.3965730667114258, "passed": true}, "15": {"execution_time": 0.40580105781555176, "passed": true}, "16": {"execution_time": 0.2700071334838867, "passed": true}, "17": {"execution_time": 0.2328333854675293, "passed": true}, "18": {"execution_time": 0.2321789264678955, "passed": true}, "19": {"execution_time": 0.26608872413635254, "passed": true}, "20": {"execution_time": 0.2683990001678467, "passed": true}, "21": {"execution_time": 0.2316272258758545, "passed": true}, "22": {"execution_time": 0.2271895408630371, "passed": true}, "23": {"execution_time": 0.24371552467346191, "passed": true}, "24": {"execution_time": 0.18297290802001953, "passed": true}, "25": {"execution_time": 0.4468343257904053, "passed": true}, "26": {"execution_time": 0.48989272117614746, "passed": true}, "27": {"execution_time": 0.5390307903289795, "passed": true}, "28": {"execution_time": 0.6831433773040771, "passed": true}, "29": {"execution_time": 0.5488910675048828, "passed": true}}}, "check_style_score": "1/1"}